string key,en,ar,prs,zh,ENGLISH SCRIPT TO GIVE TO TRANSLATORS
COMMON_YOUSAY,YOU SAY,أنت تقول,,你说,YOU SAY
COMMON_000SAYS,000 SAYS, 000 تقول,,000 说,000 SAYS
COMMON_GREAT,Great,عظيم!,,伟大的！,Great
COMMON_TRYAGAIN,Try again,حاول ثانيةً,,再试一次,Try again
COMMON_CONTINUE,[url={1}]continue[/url],[url={1}]لنواصل[/url],,[url={2}]继续[/url],[url={1}]continue[/url]
,,,,,
,,,,,
LETSLEARN_OVERVIEW_1,"Together, let's practise:",معا، دعونا نمارس:,,让我们一起练习：,"Together, let's practise:"
LETSLEARN_OVERVIEW_2,Starting with:,"بدءا من:
",,开始于：,Starting with:
,,,,,
LETSLEARN_INTERPRETER,Asking for an interpreter,طلب مترجم,,要求翻译,Asking for an interpreter
LETSLEARN_LOCATION,Saying where you are in English,قول مكانك باللغة الإنجليزية,,用英语说你在哪里,Saying where you are in English
LETSLEARN_QUESTIONS,Answering emergency questions in English,الإجابة على أسئلة الطوارئ باللغة الإنجليزية,,用英语回答紧急问题,Answering emergency questions in English
LETSLEARN_NOHELP,Making a call without help!,إجراء مكالمة دون مساعدة!,,无需帮助即可拨打电话！,Making a call without help!
LETSLEARN_BONUS,"Bonus scenario:
Medical emergency","سيناريو المكافأة:
الطوارئ الطبية",,"奖励场景:
医疗紧急情况","Bonus scenario:
Medical emergency"
,,,,,
,,,,,
,,,,,
,,,,,
INTRO_LANDING_2_EXPLANATION_T1,Let’s practise calling 000 in an emergency.,"لنتدرّب على الاتصال بالرقم 000
",,让我们练习一下紧急情况下拨打000。,Let’s practise calling 000 in an emergency.
INTRO_LANDING_2_EXPLANATION_T2,I will help you step by step using example situations. ,سأساعدك خطوة بخطوة باستخدام مواقف نموذجية.,,我将使用示例情况逐步帮助您。,I will help you step by step using example situations. 
INTRO_LANDING_2_EXPLANATION_T3,"Real 000 calls are different, but this practice will help you in a real emergency.",تختلف مكالمات 000 الحقيقية، ولكن هذه الممارسة سوف تساعدك في حالة الطوارئ الحقيقية.,,真正的 000 电话有所不同，但这种做法会在真正的紧急情况下为您提供帮助。,"Real 000 calls are different, but this practice will help you in a real emergency."
,,,,,
INTRO_LANDING_2_EXPLANATION_B1,[url={1}]Let's start[/url],[url={1}]يلا[/url],[url={1}]يلا[/url],[url={1}]让我们开始吧[/url],[url={1}]Let's start[/url]
,,,,,
,,,,,
,,,,,
INTRO_LANDING_3_CALLSAREFAKE_T1,We will not make a real call.,لن نقوم بإجراء مكالمة حقيقية.,,我们不会进行真正的通话。,We will not make a real call.
INTRO_LANDING_3_CALLSAREFAKE_T2,"You will use your voice to answer questions, but we will never save your voice.",سوف تستخدم صوتك للإجابة على الأسئلة، ولكننا لن نحفظ صوتك أبدًا.,,你会用你的声音来回答问题，但我们永远不会保存你的声音。,"You will use your voice to answer questions, but we will never save your voice."
,,,,,
INTRO_LANDING_3_CALLSAREFAKE_B1,[url={2}]continue[/url],[url={2}]لنواصل[/url],,[url={2}]继续[/url],[url={2}]continue[/url]
,,,,,
,,,,,
,,,,,
INTRO_TUTORIAL_1_LETSTRY_T1,Let's try it!,دعونا نحاول ذلك,,我们来尝试一下吧！,Let's try it!
INTRO_TUTORIAL_1_LETSTRY_T2,Tap and say [url={1}]<~OK~>[/url],انقر وقل [url={1}]<~OK~>[/url],,点击并说出 [url={1}]<~OK~>[/url],Tap and say [url={1}]<~OK~>[/url]
,,,,,
,,,,,
,,,,,
LEARNSTEPS_2_EXPLANATION_T1,"When you call 000, you can follow three steps to get an interpreter in your language.",عند الاتصال بالرقم 000، يمكنك اتباع ثلاث خطوات للحصول على مترجم بلغتك.,,拨打 000 后，您可以按照三个步骤获取您语言的翻译。,"When you call 000, you can follow three steps to get an interpreter in your language."
LEARNSTEPS_2_EXPLANATION_T2,Let's go through them now.,دعونا نمر عليهم الآن.,,现在让我们来看一下。,Let's go through them now.
,,,,,
LEARNSTEPS_2_EXPLANATION_B1,[url={1}]Learn the steps[/url],[url={1}]تعرف على الخطوات[/url],,[url={1}]了解步骤[/url],[url={1}]Learn the steps[/url]
LEARNSTEPS_2_EXPLANATION_B2,or [url={1}]Skip Steps[/url],أو [url={1}]تخطي الخطوات[/url],,或者 [url={1}]跳过步骤[/url],or [url={1}]Skip Steps[/url]
,,,,,
,,,,,
,,,,,
LEARNSTEPS_3_FIRSTSTEP_T_STEP,STEP 1,الخطوة 1,,步骤1,STEP 1
,,,,,
LEARNSTEPS_3_FIRSTSTEP_T1,000 ASKS:,000 يسأل:,,000 个问题：,000 ASKS:
LEARNSTEPS_3_FIRSTSTEP_T2,"[url={1}]<~Emergency. Police, Fire, or Ambulance?~>[/url]","[url={1}]<~Emergency. Police, Fire, or Ambulance?~>[/url]",,"[url={1}]<~Emergency. Police, Fire, or Ambulance?~>[/url]
警察、消防或救护车？ ","[url={1}]<~Emergency. Police, Fire, or Ambulance?~>[/url]
Emergency. Police fire of ambulance?"
LEARNSTEPS_3_FIRSTSTEP_T3,YOU ANSWER:,أنت تجيب:,,你的回答是：,YOU ANSWER:
LEARNSTEPS_3_FIRSTSTEP_T4,"[url={1}]<~Police~>[/url], [url={2}]<~Fire~>[/url], or [url={3}]<~Ambulance~>[/url].

Say only one service in English.","شرطة: [url={1}]<~Police~>[/url]
ار:  [url={2}]<~Fire~>[/url]
 أو سيارة إسعاف: [url={3}]<~Ambulance~>[/url]

قل خدمة واحدة فقط باللغة الإنجليزية",,"[url={1}]<~Police~>[/url], 警察 [url={2}]<~Fire~>[/url], 消防或 [url={3}]<~Ambulance~>[/url] 救护车？.

Say only one service in English.","[url={1}]<~Police~>[/url], Police [url={2}]<~Fire~>[/url], Fire or [url={3}]<~Ambulance~>[/url] Ambulance.

Say only one service in English."
,,,,,
LEARNSTEPS_3_FIRSTSTEP_B1,[url={2}]STEP 2[/url],[url={2}] الخطوة 2[/url],,[url={2}]步骤2[/url],[url={2}]STEP 2[/url]
LEARNSTEPS_3_FIRSTSTEP_B2,[url={2}]Skip Steps[/url],[url={2}]تخطي الخطوات[/url],,或者 [url={1}]跳过步骤[/url],[url={2}]Skip Steps[/url]
,,,,,
,,,,,
,,,,,
LEARNSTEPS_4_SECONDSTEP_T_STEP,STEP 2,الخطوة 2,,步骤2,STEP 2
,,,,,
LEARNSTEPS_4_SECONDSTEP_T1,000 ASKS:,000 يسأل:,,000 个问题：,000 ASKS:
LEARNSTEPS_4_SECONDSTEP_T2,[url={2}]<~What state and town is the emergency in?~>[/url],[url={2}]<~What state and town is the emergency in?~>[/url],,"[url={2}]<~What state and town is the emergency in?~>[/url]
你遇到紧急情况所在的城镇和州。","[url={2}]<~What state and town is the emergency in?~>[/url]
What state and town is the emergency in?"
LEARNSTEPS_4_SECONDSTEP_T3,YOU ANSWER:,أنت تجيب:,,你的回答是：,YOU ANSWER:
LEARNSTEPS_4_SECONDSTEP_T4,"The area and state of your emergency.

eg: [url={4}]<~Dandenong, Victoria~>[/url]

eg: [url={5}]<~Mildura, Victoria~>[/url]","قل لهماسم المدينة والولاية حيثُ تسكن.

مثلًا: [url={4}]<~Dandenong, Victoria~>[/url]

مثلًا: [url={5}]<~Mildura, Victoria~>[/url]",,"告诉他们你所在的城镇和州。

比如：[url={4}]<~Dandenong, Victoria~>[/url]

比如：[url={5}]<~Mildura, Victoria~>[/url]","The area and state of your emergency.

eg: [url={4}]<~Dandenong, Victoria~>[/url]

eg: [url={5}]<~Mildura, Victoria~>[/url]"
,,,,,
LEARNSTEPS_4_SECONDSTEP_B1,[url={3}]STEP 3[/url],[url={3}] الخطوة 3[/url],,[url={2}]步骤3[/url],[url={3}]STEP 3[/url]
,,,,,
,,,,,
,,,,,
LEARNSTEPS_5_THIRDSTEP_T_STEP,STEP 3,الخطوة 3,,步骤3,STEP 3
,,,,,
LEARNSTEPS_5_THIRDSTEP_T1,Your call will now transfer to a service in your area.,سيتم الآن تحويل مكالمتك إلى إحدى الخدمات في منطقتك,,您的电话现在将转接到您所在地区的服务。,Your call will now transfer to a service in your area.
LEARNSTEPS_5_THIRDSTEP_T2,When you are connected they will ask you for the address of your emergency.,عندما تكون متصلاً، سيطلبون منك عنوان الطوارئ الخاص بك,,当您接通后，他们会询问您的紧急情况地址。,When you are connected they will ask you for the address of your emergency.
LEARNSTEPS_5_THIRDSTEP_T3,This is a good time to ask for an interpreter.,هذا هو الوقت المناسب لطلب مترجم.,,这是寻求翻译的好时机。,This is a good time to ask for an interpreter.
LEARNSTEPS_5_THIRDSTEP_T4,"ASK FOR AN INTERPRETER IN ENGLISH

eg: [url={6}]<~Interpreter, Hindi~>[/url]","اطلب مترجمًا باللغة الإنجليزية

مثلًا: [url={6}]<~Interpreter, Hindi~>[/url]",,"请求英语翻译：

比如: [url={6}]<~Interpreter, Hindi~>[/url]","ASK FOR AN INTERPRETER IN ENGLISH:

eg: [url={6}]<~Interpreter, Hindi~>[/url]"
,,,,,
LEARNSTEPS_5_THIRDSTEP_B1,[url={4}]Got it![/url],[url={4}]أفهم![/url],,[url={4}]我明白[/url],[url={4}]Got it![/url]
,,,,,
,,,,,
,,,,,
INTERPRETER_1_LETSTRY_T1,"Let’s try a practice 000 call, and you can ask for an interpreter in three steps.",دعنا نحاول إجراء مكالمة 000 تدريبية، ويمكنك طلب مترجم في ثلاث خطوات.,,让我们尝试练习拨打 000 电话，您可以通过三个步骤请求翻译。,"Let’s try a practice 000 call, and you can ask for an interpreter in three steps."
INTERPRETER_1_LETSTRY_T2,Ready? Tap and say [url={1}]<~Yes~>[/url],مستعد؟ انقر وقل [url={1}]<~Yes~>[/url],,准备好了吗？点击并说：[url={1}]<~Yes~>[/url],Ready? Tap and say [url={1}]<~Yes~>[/url]
,,,,,
INTERPRETER_1_LETSTRY_B1,[url={1}]See steps again[/url],[url={1}]انظر الخطوات مرة أخرى[/url],,,[url={1}]See steps again[/url]
,,,,,
,,,,,
,,,,,
INTERPRETER_2_SCENARIO_T1,SCENARIO,سيناريو,,设想,SCENARIO
INTERPRETER_2_SCENARIO_T2,You find your father on the floor.,تجد والدك على الأرض.,,你发现你的父亲倒在地板上。,You find your father on the floor.
INTERPRETER_2_SCENARIO_T3,"He is not waking up, and you’re not sure if he’s breathing. You need an ambulance.",إنه لا يستيقظ، وأنت لست متأكدًا من أنه يتنفس. أنت بحاجة إلى سيارة إسعاف.,,他还没醒，你也不确定他是否还有呼吸。你需要叫救护车。,"He is not waking up, and you’re not sure if he’s breathing. You need an ambulance."
INTERPRETER_2_SCENARIO_T4,"His house is in Springvale, Victoria.","يقع منزله في Springvale, Victoria",,"他住在 Springvale, Victoria。","His lives in Springvale, Victoria."
,,,,,
INTERPRETER_2_SCENARIO_B1,[url={2}]Dial 000[/url],[url={2}]اتصل بالرقم 000[/url],,[url={2}]拨打000[/url],[url={2}]Dial 000[/url]
,,,,,
,,,,,
,,,,,
INTERPRETER_3_CALL_O1,"You have dialled emergency 000.
Your call is being connected...","You have dialled emergency 000.
Your call is being connected...","You have dialled emergency 000.
Your call is being connected...","You have dialled emergency 000.
Your call is being connected...","You have dialled emergency 000.
Your call is being connected..."
,,,,,
INTERPRETER_3_CALL_C1,"Remember this
is not a real call.
We don't record
your voice.","تذكر أن هذه ليست مكالمة حقيقية.
لا نسجل صوتك.","به یاد داشته باشید که این یک تماس واقعی نیست.
ما صدای شما را ضبط نمیکنیم.","请记住，这不是真正的电话。
我们不会录制您的声音。","Remember this is not a real call.
We don't record your voice."
INTERPRETER_3_CALL_C2,"This message is
pre-recorded.
You do not need
to respond.","هذه رسالة مسجلة مسبقًا. تقول: ""لقد اتصلت برقم الطوارئ 000.
 جاري تحويل مكالمتك."" لا داعي لقول ""رنين"".","این پیام خودکار میگوید: ""شما 000 اضطراری را شماره گیری کرده اید. تماس شما در حال وصل شدن است."" شما نیازی به پاسخ دادن ندارید.",这条自动消息说：“您已拨打紧急电话000。您的电话正在接通。”您无需回复​​。,This automatic message says: “You have dialled emergency 000. Your call is being connected.” You don’t need to respond.
,,,,,
,,,,,
,,,,,
INTERPRETER_4_QUESTION1_O1,"Emergency: police, fire, or ambulance?","Emergency: police, fire, or ambulance?","Emergency: police, fire, or ambulance?","Emergency: police, fire, or ambulance?","Emergency: police, fire, or ambulance?"
,,,,,
INTERPRETER_4_QUESTION1_C1,They always ask this question first.,"إنهم يسألون هذا السؤال دائمًا أولاً. هل تحتاج
نار [url={1}]<~Police~>[/url]
برافو [url={2}]<~Fire~>[/url]
 أو سيارة إسعاف [url={3}]<~Ambulance~>[/url]","آنها همیشه این سوال را اول میپرسند. آیا شما نیاز دارید:
پلیس [url={1}]<~Police~>[/url]
آتش نشانان [url={2}]<~Fire~>[/url]
یا امبولانس؟ [url={3}]<~Ambulance~>[/url]","他们总是首先问这个问题。你需要：
警察 [url={1}]<~Police~>[/url]
消防 [url={2}]<~Fire~>[/url]
或 救护车？ [url={3}]<~Ambulance~>[/url]","They always ask this question first. Do you need
Police [url={1}]<~Police~>[/url]
Fire [url={2}]<~Fire~>[/url]
or Ambulance? [url={3}]<~Ambulance~>[/url]"
INTERPRETER_4_QUESTION1_C2,Tap and say [url={3}]<~Ambulance~>[/url],مستعد؟ انقر وقل [url={3}]<~Ambulance~>[/url],ضربه بزنید و بگویید:  [url={3}]<~Ambulance~>[/url],点击并说：[url={3}]<~Ambulance~>[/url],Tap and say [url={3}]<~Ambulance~>[/url]
INTERPRETER_4_QUESTION1_CC,Well done!,برافو!,آفرین!,好吧，别！,Well done!
INTERPRETER_4_QUESTION1_CM,You need an [url={3}]<~Ambulance~>[/url],أنت بحاجة إلى [url={3}]<~Ambulance~>[/url],شما نیاز دارید: [url={3}]<~Ambulance~>[/url],"你需要：
[url={3}]<~Ambulance~>[/url]","You need an
[url={3}]<~Ambulance~>[/url]"
INTERPRETER_4_QUESTION1_CG,Let’s keep going. Practice your pronunciation later.,لنكمل. تدرب على نطقك لاحقًا.,بیایید ادامه دهیم. تلفظ خود را بعداً تمرین کنید.,继续吧。稍后练习一下发音。,Let’s keep going. Practice your pronunciation later.
,,,,,
,,,,,
,,,,,
INTERPRETER_5_QUESTION2_O1,What state and town is the emergency in?,What state and town is the emergency in?,What state and town is the emergency in?,What state and town is the emergency in?,What state and town is the emergency in?
,,,,,
INTERPRETER_5_QUESTION2_C1,"The state is [url={4}]<~Victoria~>[/url]
and the town is [url={5}]<~Springvale~>[/url]","وطلبوا معرفة الولاية والمدينة التي توجد بها حالة الطوارئ.
ولاية: [url={4}]<~Victoria~>[/url]
بلدة: [url={5}]<~Springvale~>[/url]","وطلبوا معرفة الولاية والمدينة التي توجد بها حالة الطوارئ.
حالت: [url={4}]<~Victoria~>[/url]
شهرک: [url={5}]<~Springvale~>[/url]","他们询问了发生紧急状况的州和城镇。
状态: [url={4}]<~Victoria~>[/url]
镇: [url={5}]<~Springvale~>[/url]","They asked for the state and town of the emergency. 
State [url={4}]<~Victoria~>[/url]
Town [url={5}]<~Springvale~>[/url]"
INTERPRETER_5_QUESTION2_CC,Excellent!,ممتاز!,,出色的！,Excellent!
INTERPRETER_5_QUESTION2_CM,"Tell them the state and town. [url={4}]<~Victoria~>[/url], [url={5}]<~Springvale~>[/url]","أخبرهم عن الولاية والمدينة. [url={4}]<~Victoria~>[/url], [url={5}]<~Springvale~>[/url]","ایالت و شهر را به آنها بگویید. [url={4}]<~Victoria~>[/url], [url={5}]<~Springvale~>[/url]","告诉他们州和城镇 [url={4}]<~Victoria~>[/url], [url={5}]<~Springvale~>[/url]","Tell them the state and town. [url={4}]<~Victoria~>[/url], [url={5}]<~Springvale~>[/url]"
INTERPRETER_5_QUESTION2_CG,Let’s keep going. Practice your pronunciation later.,لنكمل. تدرب على نطقك لاحقًا.,بیایید ادامه دهیم. تلفظ خود را بعداً تمرین کنید.,继续吧。稍后练习一下发音。,Let’s keep going. Practice your pronunciation later.
,,,,,
,,,,,
,,,,,
INTERPRETER_6_QUESTION3_O1,"Connecting you to ambulance,
Springvale, Victoria","Connecting you to ambulance,
Springvale, Victoria","Connecting you to ambulance,
Springvale, Victoria","Connecting you to ambulance,
Springvale, Victoria","Connecting you to ambulance,
Springvale, Victoria"
INTERPRETER_6_QUESTION3_O2,"Emergency services, where do you need the ambulance?","Emergency services, where do you need the ambulance?","Emergency services, where do you need the ambulance?","Emergency services, where do you need the ambulance?","Emergency services, where do you need the ambulance?"
INTERPRETER_6_QUESTION3_O3,Connecting you to an interpreter. Please hold.,Connecting you to an interpreter. Please hold.,Connecting you to an interpreter. Please hold.,Connecting you to an interpreter. Please hold.,Connecting you to an interpreter. Please hold.
,,,,,
INTERPRETER_6_QUESTION3_C1,They are connecting you to a service in your area.,إنهم يقومون بربطك بخدمة في منطقتك.,,,They are connecting you to a service in your area.
INTERPRETER_6_QUESTION3_C2,Practise asking for an interpreter now.,تدرب على طلب مترجم الآن.,,,Practise asking for an interpreter now.
INTERPRETER_6_QUESTION3_C3,Say [url={6}]<~Interpreter~>[/url] and the language you speak in English.,يقول: [url={6}]<~Interpreter~>[/url] واللغة التي تتحدثها باللغة الإنجليزية.,,,Say [url={6}]<~Interpreter~>[/url] and the language you speak in English.
INTERPRETER_6_QUESTION3_CC,Fantastic!,رائع!,,,Fantastic!
INTERPRETER_6_QUESTION3_CW,Say the language you need and [url={6}]<~Interpreter~>[/url],حاول ثانيةً,,,Try again.
INTERPRETER_6_QUESTION3_CM,They can't understand you,لا يمكنهم فهمك.,,,They can't understand you
INTERPRETER_6_QUESTION3_CG,Let’s keep going. Practice your pronunciation later.,لنكمل. تدرب على نطقك لاحقًا.,,继续吧。稍后练习一下发音。,Let’s keep going. Practice your pronunciation later.
,,,,,
,,,,,
,,,,,
INTERPRETER_7_YOUDIDIT_T1,You did it!,لقد نجحت!,,,You did it!
INTERPRETER_7_YOUDIDIT_T2,Stay on the call until the interpreter arrives.,ابقى على المكالمة حتى وصول المترجم.,,,Stay on the call until the interpreter arrives.
INTERPRETER_7_YOUDIDIT_T3,They will ask you questions in your language so that emergency services can help you.,سيطرحون عليك أسئلة بلغتك حتى تتمكن خدمات الطوارئ من مساعدتك.,,,They will ask you questions in your language so that emergency services can help you.
INTERPRETER_7_YOUDIDIT_T4,You now know how to call 000 if you need help in an emergency in Australia.,أنت تعرف الآن كيفية الاتصال بالرقم 000 إذا كنت بحاجة إلى المساعدة في حالة الطوارئ في أستراليا.,,,You now know how to call 000 if you need help in an emergency in Australia.
,,,,,
INTERPRETER_7_YOUDIDIT_B1, [url={3}]Next scenario[/url], [url={3}]السيناريو التالي[/url],,, [url={3}]Next scenario[/url]
INTERPRETER_7_YOUDIDIT_B2, [url={1}]Try again[/url], [url={1}]حاول ثانيةً[/url],,, [url={1}]Try again[/url]
,,,,,
,Keep practising,,,,
,Learn how to say you language in English,,,,
,,,,,
,,,,,
,,,,,
,,,,,
,,,,,
,,,,,
LOCATION_1_LETSTRY_T1,Let’s practice giving the address of the emergency in English.,دعونا نتدرب على إعطاء عنوان الطوارئ باللغة الإنجليزية.,,,Let’s practice giving the address of the emergency in English.
LOCATION_1_LETSTRY_T2,Then we’ll ask for an interpreter again.,ثم سنطلب مترجمًا مرة أخرى.,,,Then we’ll ask for an interpreter again.
,,,,,
LOCATION_1_LETSTRY_B1,[url={1}]Let's go[/url],[url={1}]يلا[/url],,,[url={1}]Let's try it[/url]
,,,,,
,,,,,
,,,,,
LOCATION_2_SCENARIO_T1,SCENARIO,,,,SCENARIO
LOCATION_2_SCENARIO_T2,You are visiting your aunt. She has sudden chest pain and is dizzy.,,,,You are visiting your aunt. She has sudden chest pain and is dizzy.
LOCATION_2_SCENARIO_T3,She is having a heart attack. She needs urgent medical help.,,,,She is having a heart attack. You need to call 000.
LOCATION_2_SCENARIO_T4,"She lives at 278 Main Road, Shepparton, VIC.",,,,"Her address is 278 Main Street, Shepparton, VIC."
,,,,,
LOCATION_2_SCENARIO_B1,[url={2}]Dial 000[/url],,,,[url={2}]Dial 000[/url]
,,,,,
,,,,,
,,,,,
LOCATION_3_CALL_O1,"You have dialled emergency 000.
Your call is being connected...","You have dialled emergency 000.
Your call is being connected...","You have dialled emergency 000.
Your call is being connected...","You have dialled emergency 000.
Your call is being connected...","You have dialled emergency 000.
Your call is being connected..."
,,,,,
LOCATION_3_CALL_C1,You will never need to respond to this pre-recorded message.,لن تحتاج أبدًا إلى الرد على هذه الرسالة المسجلة مسبقًا.,,,You will never need to respond to this pre-recorded message.
,,,,,
,,,,,
,,,,,
LOCATION_4_QUESTION1_O1,"Emergency. Police, Fire or Ambulance? ","Emergency. Police, Fire or Ambulance? ","Emergency. Police, Fire or Ambulance? ","Emergency. Police, Fire or Ambulance? ","Emergency. Police, Fire or Ambulance? "
,,,,,
LOCATION_4_QUESTION1_C1,Say in English which service you need.,,,,Say in English which service you need.
LOCATION_4_QUESTION1_C2,Check the scenario here!,,,,Check the scenario here!
LOCATION_4_QUESTION1_CC,Perfect,,,,Perfect
LOCATION_4_QUESTION1_CM,You need an [url={1}]<~Ambulance~>[/url],,,,"You need an
[url={1}]<~Ambulance~>[/url]"
LOCATION_4_QUESTION1_CG,Let’s keep going. Practice your pronunciation later.,,,,Let’s keep going. Practice your pronunciation later.
,,,,,
,,,,,
,,,,,
LOCATION_5_QUESTION2_O1,What state and town is the emergency in?,What state and town is the emergency in?,What state and town is the emergency in?,What state and town is the emergency in?,What state and town is the emergency in?
,,,,,
LOCATION_5_QUESTION2_C1,Tell them your state and town,,,,Tell them your state and town
LOCATION_5_QUESTION2_CC,Excellent!,,,,Excellent!
LOCATION_5_QUESTION2_CW,"You need to say the state and town.
[url={2}]<~Victoria~>[/url], [url={3}]<~Shepparton~>[/url]",,,,
LOCATION_5_QUESTION2_CM,"The state is [url={2}]<~Victoria~>[/url]
and the town is [url={3}]<~Shepparton~>[/url]",,,,"The state is [url={2}]<~Victoria~>[/url]
and the town is [url={3}]<~Shepparton~>[/url]"
LOCATION_5_QUESTION2_CG,Let’s keep going. Practice your pronunciation later.,,,,Let’s keep going. Practice your pronunciation later.
,,,,,
,,,,,
,,,,,
LOCATION_6_QUESTION3_O1,"Connecting you to ambulance,
Shepparton, Victoria","Connecting you to ambulance,
Shepparton, Victoria","Connecting you to ambulance,
Shepparton, Victoria","Connecting you to ambulance,
Shepparton, Victoria","Connecting you to ambulance,
Shepparton, Victoria"
LOCATION_6_QUESTION3_O2,"Emergency services, where do you need the ambulance?","Emergency services, where do you need the ambulance?","Emergency services, where do you need the ambulance?","Emergency services, where do you need the ambulance?","Emergency services, what address do you need the ambulance?"
,,,,,
LOCATION_6_QUESTION3_C1,They are connecting you to a service in your area.,,,,They are connecting you to a service in your area.
LOCATION_6_QUESTION3_C2,"Say the address of your emergency: [url={4}]<~2-7-8 Main Street, Shepparton~>[/url]",,,,"Say the address of your emergency: [url={4}]<~2-7-8 Main street, Shepparton~>[/url]"
LOCATION_6_QUESTION3_CC,Great! 000 knows where your emergency is.,,,,Great! 000 knows where your emergency is.
LOCATION_6_QUESTION3_CM,"Try again: [url={4}]<~2-7-8 Main Road, Shepparton~>[/url]",,,,"Try again: [url={4}]<~2-7-8 Main street, Shepparton~>[/url]"
LOCATION_6_QUESTION3_CG,Let’s keep going. Practice your pronunciation later.,,,,Let’s keep going. Practice your pronunciation later.
,,,,,
,,,,,
,,,,,
LOCATION_7_QUESTION4_O1,What is your emergency?,What is your emergency?,What is your emergency?,What is your emergency?,What is your emergency?
LOCATION_7_QUESTION4_O2,An interpreter will be here soon. Please hold.,An interpreter will be here soon. Please hold.,An interpreter will be here soon. Please hold.,An interpreter will be here soon. Please hold.,An interpreter will be here soon. Please hold.
,,,,,
LOCATION_7_QUESTION4_C1,Let’s practice asking for an interpreter again.,,,,Let’s practice asking for an interpreter again.
LOCATION_7_QUESTION4_C2,Say [url={5}]<~Interpreter~>[/url] and the language you speak in English.,,,,Say [url={4}]<~Interpreter~>[/url] and the language you speak in English.
LOCATION_7_QUESTION4_CC,Well done!,,,,Well done!
LOCATION_7_QUESTION4_CW,Don't forget your language!,,,,Don't forget your language!
LOCATION_7_QUESTION4_CM,They can't understand you,,,,They can't understand you
LOCATION_7_QUESTION4_CG,Let’s keep going. Practice your pronunciation later.,,,,Let’s keep going. Practice your pronunciation later.
.,,,,,
,,,,,
,,,,,
LOCATION_8_YOUDIDIT_T1,You did it!,,,,You did it!
LOCATION_8_YOUDIDIT_T2,You now know how:,,,,Stay on the call until the interpreter arrives.
LOCATION_8_YOUDIDIT_T3,- a 000 phone call begins,,,,They will ask you questions in your language so that emergency services can help you.
LOCATION_8_YOUDIDIT_T4,- to share your location in English,,,,
LOCATION_8_YOUDIDIT_T5,- and to ask for an interpreter,,,,You now know how to call 000 if you need help in an emergency in Australia.
,,,,,
LOCATION_8_YOUDIDIT_B1, [url={3}]Next scenario[/url],,,, [url={3}]Next scenario[/url]
LOCATION_8_YOUDIDIT_B2, [url={1}]Try again[/url],,,, [url={1}]Try again[/url]
,,,,,
,,,,,
,,,,,
QUESTIONS_1_LETSTRY_T1,Answer as many questions as you can in English.,,,,
QUESTIONS_1_LETSTRY_T2,"If you don’t understand something, you can say [url={X}<~I don’t understand~>[/url]",,,,
,,,,,
QUESTIONS_1_LETSTRY_B1, [url={X}]Let's begin[/url],,,,
,,,,,
,,,,,
,,,,,
QUESTIONS_2_SCENARIO_T1,SCENARIO,,,,
QUESTIONS_2_SCENARIO_T2,You are at a children’s party. The neighbour starts shouting at everyone.,,,,
QUESTIONS_2_SCENARIO_T3,He is drunk and is kicking the fence. He says he will break into the party.,,,,
QUESTIONS_2_SCENARIO_T4,"The address is 3 High Street Doreen, VIC",,,,
,,,,,
QUESTIONS_2_SCENARIO_B1,[url={X}]Dial 000[/url],,,,
,,,,,
,,,,,
,,,,,
QUESTIONS_3_CALL_O1,"You have dialled emergency 000.
Your call is being connected...",,,,
,,,,,
,,,,,
,,,,,
QUESTIONS_4_QUESTION1_O1,"Emergency. Police, Fire or Ambulance? ","Emergency. Police, Fire or Ambulance? ","Emergency. Police, Fire or Ambulance? ","Emergency. Police, Fire or Ambulance? ","Emergency. Police, Fire or Ambulance? "
,,,,,
QUESTIONS_4_QUESTION1_C1,Say in English which service you need.,,,,Say in English which service you need.
,,,,,
QUESTIONS_4_QUESTION1_CC,Perfect! The police can help if you feel threatened.,,,,Perfect
QUESTIONS_4_QUESTION1_CM,You need the [url={X}]<~Police~>[/url],,,,"You need an
[url={1}]<~Ambulance~>[/url]"
QUESTIONS_4_QUESTION1_CG,Let’s keep going. Practice your pronunciation later.,,,,Let’s keep going. Practice your pronunciation later.
,,,,,
,,,,,
,,,,,
QUESTIONS_5_QUESTION2_O1,What state and town is the emergency in?,What state and town is the emergency in?,What state and town is the emergency in?,What state and town is the emergency in?,What state and town is the emergency in?
,,,,,
QUESTIONS_5_QUESTION2_C1,Tell them your state and town,,,,Tell them your state and town
QUESTIONS_5_QUESTION2_CC,Correct.,,,,Excellent!
QUESTIONS_5_QUESTION2_CM,"The state is [url={X}]<~Victoria~>[/url], 
and the town is [url={X}]<~Doreen~>[/url]",,,,"The state is [url={2}]<~Victoria~>[/url]
and the town is [url={3}]<~Shepparton~>[/url]"
QUESTIONS_5_QUESTION2_CG,Let’s keep going. Practice your pronunciation later.,,,,Let’s keep going. Practice your pronunciation later.
,,,,,
,,,,,
,,,,,
QUESTIONS_6_QUESTION3_O1,"Connecting you to the Police,
Doreen, Victoria.","Connecting you to ambulance,
Shepparton, Victoria","Connecting you to ambulance,
Shepparton, Victoria","Connecting you to ambulance,
Shepparton, Victoria","Connecting you to ambulance,
Shepparton, Victoria"
QUESTIONS_6_QUESTION3_O2,"Emergency services, where do you need the Police?","Emergency services, where do you need the ambulance?","Emergency services, where do you need the ambulance?","Emergency services, where do you need the ambulance?","Emergency services, what address do you need the ambulance?"
,,,,,
QUESTIONS_6_QUESTION3_C1,They are connecting you to a service in your area.,,,,They are connecting you to a service in your area.
QUESTIONS_6_QUESTION3_C2,Say the address of your emergency now.,,,,"Say the address of your emergency: [url={4}]<~2-7-8 Main street, Shepparton~>[/url]"
QUESTIONS_6_QUESTION3_CC,Nice.,,,,Great! 000 knows where your emergency is.
QUESTIONS_6_QUESTION3_CM,Try again. Check the address here.,,,,"Try again: [url={4}]<~2-7-8 Main street, Shepparton~>[/url]"
QUESTIONS_6_QUESTION3_CG,The address is 3 High Street Doreen. Let's keep going.,,,,Let’s keep going. Practice your pronunciation later.
,,,,,
PLAYER SAYS I DON'T KNOW - 000 OPERATOR SAYS,I can call an Intrepreter to help. What language?,,,,
"HOST TRANSLATES FOR AR, PR, ZH: ",-,,,,They asked if you want an interpreter. Tell them your language in English
,,,,,
PLAYER SAYS LANGUAGE CORRECT - 000 OPERATOR SAYS,Conntecting you to an Interpreter. Stay on the phone.,,,,
HOST ENCOURAGES PLAYER:,Good idea! It's always OK to ask for an interpreter.,,,,
,,,,,
PLAYER MUMBO - 000 OPERATOR SAYS,Say the language you speak in English.,,,,
PLAYER GIVE UP - 000 OPERATOR SAYS,They can't understand you. Practice your pronunciation and try again.,,,,
,,,,,
,,,,,
,,,,,
QUESTIONS_7_QUESTION4_O1,Why do you need the police?,What is your emergency?,What is your emergency?,What is your emergency?,Why do you need the police?
,,,,,
QUESTIONS_7_QUESTION4_C1,Tell them why you need help,,,,They asked you why you need the police. 
QUESTIONS_7_QUESTION4_C2,Explain your emergency.,,,,Explain your emergency.
QUESTIONS_7_QUESTION4_CC,Great job!,,,,Well done!
QUESTIONS_7_QUESTION4_CW,Try again.,,,,Don't forget your language!
QUESTIONS_7_QUESTION4_CM,"Try saying words like: [url={X}]<~Neighbour,~>[/url] [url={X}]<~drunk,~>[/url] and [url={X}]<~violent.~>[/url]",,,,They can't understand you
QUESTIONS_7_QUESTION4_CG,Let’s keep going. Practice your pronunciation later.,,,,Let’s keep going. Practice your pronunciation later.
,,,,,
PLAYER SAYS I DON'T KNOW - 000 OPERATOR SAYS,I can call an Intrepreter to help. What language?,,,,
"HOST TRANSLATES FOR AR, PR, ZH: ",They asked if you want an interpreter. Tell them your language in English,,,,
,,,,,
PLAYER SAYS LANGUAGE CORRECT - 000 OPERATOR SAYS,Conntecting you to an Interpreter. Stay on the phone.,,,,
HOST ENCOURAGES PLAYER:,Good idea! It's always OK to ask for an interpreter.,,,,
,,,,,
PLAYER MUMBO - 000 OPERATOR SAYS,Say the language you speak in English.,,,,
PLAYER GIVE UP - 000 OPERATOR SAYS,They can't understand you. Practice your pronunciation and try again.,,,,
,,,,,
,,,,,
,,,,,
QUESTIONS_8_QUESTION5_O1,Has there been any physical violence?,Has there been any physical violence?,Has there been any physical violence?,Has there been any physical violence?,Has there been any physical violence?
,,,,,
QUESTIONS_8_QUESTION5_C1,-,,,,They asked if there has been any violence?
QUESTIONS_8_QUESTION5_C2,You can answer yes or no.,,,,You can answer [url={X}]<~yes~>[/url] or [url={X}]<~no.~>[/url]
QUESTIONS_8_QUESTION5_CC,Correct.,,,,Correct.
QUESTIONS_8_QUESTION5_CW,They kicked the fence. This is violence. Try again,,,,They kicked the fence. This is violence. Try again
QUESTIONS_8_QUESTION5_CM,You can answer [url={X}]<~yes~>[/url] or [url={X}]<~no.~>[/url],,,,You can answer [url={X}]<~yes~>[/url] or [url={X}]<~no.~>[/url]
QUESTIONS_8_QUESTION5_CG,Let’s keep going and see what other questions could ask. ,,,,Let’s keep going and see what other questions could ask. 
,,,,,
PLAYER SAYS I DON'T KNOW - 000 OPERATOR SAYS,Next question,,,,Next question
"HOST TRANSLATES FOR AR, PR, ZH: ",-,,,,Next question
,,,,,
,,,,,
,,,,,
QUESTIONS_11_QUESTION6_O1,Do they have a weapon?,Has there been any physical violence?,Has there been any physical violence?,Has there been any physical violence?,Do they have a weapon?
,,,,,
QUESTIONS_9_QUESTION6_C1,-,,,,Do they have a weapon?
QUESTIONS_9_QUESTION6_CC,Well done!,,,,Well done!
QUESTIONS_9_QUESTION6_CW,He doesn’t have a weapon (like a knife or a bat) so the answer is [url={X}]<~no.~>[/url],,,,He doesn’t have a weapon (like a knife or a bat) so the answer is [url={X}]<~no.~>[/url]
QUESTIONS_9_QUESTION6_CM,They can't understand you.  ,,,,They can't understand you.  
QUESTIONS_9_QUESTION6_CG,Let’s keep going and see what other questions could ask. ,,,,Let’s keep going and see what other questions could ask. 
,,,,,
PLAYER SAYS I DON'T KNOW - 000 OPERATOR SAYS,Next question,,,,Next question
"HOST TRANSLATES FOR AR, PR, ZH: ",-,,,,Next question
,,,,,
,,,,,
,,,,,
QUESTIONS_10_QUESTION6_O1,Do you need an ambulance?,Has there been any physical violence?,Has there been any physical violence?,Has there been any physical violence?,Do you need an ambulance?
,,,,,
QUESTIONS_10_QUESTION6_C1,-,,,,Do you need an ambulance?
QUESTIONS_10_QUESTION6_CC,Nice.,,,,Nice.
QUESTIONS_10_QUESTION6_CW,No one is hurt. You don't need an ambulance.,,,,No one is hurt. You don't need an ambulance.
QUESTIONS_10_QUESTION6_CM,They can't understand you.  ,,,,They can't understand you.  
QUESTIONS_10_QUESTION6_CG,No one is hurt. The answer is [url={X}]<~no~>[/url] you don't need an ambulance. ,,,,No one is hurt. The answer is [url={X}]<~no~>[/url] you don't need an ambulance. 
,,,,,
PLAYER SAYS I DON'T KNOW - 000 OPERATOR SAYS,Next question,,,,Next question
"HOST TRANSLATES FOR AR, PR, ZH: ",-,,,,Next question
,,,,,
,,,,,
,,,,,
QUESTIONS_10_QUESTION7_O1,Are there children present?,Has there been any physical violence?,Has there been any physical violence?,Has there been any physical violence?,Are there children present?
,,,,,
QUESTIONS_11_QUESTION7_C1,-,,,,-
QUESTIONS_11_QUESTION7_CC,Great job!,,,,Great job!
QUESTIONS_11_QUESTION7_CW,There are children at the party. You can say [url={X}]<~yes~>[/url],,,,There are children at the party. You can say [url={X}]<~yes~>[/url]
QUESTIONS_11_QUESTION7_CM,They can't understand you.  ,,,,They can't understand you.  
QUESTIONS_11_QUESTION7_CG,There are children at the party. The answer is [url={X}]<~yes.~>[/url],,,,No one is hurt. The answer is [url={X}]<~no~>[/url] you don't need an ambulance. 
,,,,,
PLAYER SAYS I DON'T KNOW - 000 OPERATOR SAYS,Next question,,,,Next question
"HOST TRANSLATES FOR AR, PR, ZH: ",You have done well to get this far!,,,,You have done well to get this far!
,,,,,
,,,,,
,,,,,
QUESTIONS_12_YOUDIDIT_T1,Good work!,,,,Good work!
QUESTIONS_12_YOUDIDIT_T2,000 will continue to ask questions about your emergency.,,,,000 will continue to ask questions about your emergency.
QUESTIONS_12_YOUDIDIT_T3,The questions will be specific to your emergency situation.,,,,The questions will be specific to your emergency situation.
QUESTIONS_12_YOUDIDIT_T4,Listen to the instructions and stay calm.,,,,Listen to the instructions and stay calm.
,,,,,
QUESTIONS_12_YOUDIDIT_B1, [url={X}]Continue[/url],,,, [url={X}]Continue[/url]
QUESTIONS_12_YOUDIDIT_B2, [url={X}]Try again[/url],,,, [url={X}]Try again[/url]
,,,,,
,,,,,
,,,,,
NOHELP_1_LETSTRY_T1,You’re doing great!,,,,
NOHELP_1_LETSTRY_T2,Let's see if you can do a call without my help.,,,,
,,,,,
NOHELP_1_LETSTRY_B1, [url={X}]I can do it![/url],,,,
,,,,,
,,,,,
,,,,,
NOHELP_2_SCENARIO_T1,SCENARIO,,,,
NOHELP_2_SCENARIO_T2,Your smoke alarm is beeping. The kitchen is full of smoke.,,,,
NOHELP_2_SCENARIO_T3,"You wake your children, go outside together, and call 000.",,,,
NOHELP_2_SCENARIO_T4,"You live at 123 Main Road, Morwell, VIC.",,,,
,,,,,
NOHELP_2_SCENARIO_B1,[url={X}]Dial 000[/url],,,,
,,,,,
,,,,,
,,,,,
QUESTIONS_3_CALL_O1,"You have dialled emergency 000.
Your call is being connected...",,,,
,,,,,
,,,,,
,,,,,
NOHELP_4_QUESTION1_O1,"Emergency. Police, Fire or Ambulance? ","Emergency. Police, Fire or Ambulance? ","Emergency. Police, Fire or Ambulance? ","Emergency. Police, Fire or Ambulance? ","Emergency. Police, Fire or Ambulance? "
,,,,,
NOHELP_4_QUESTION1_C1,Say in English which service you need.,,,,Say in English which service you need.
,,,,,
NOHELP_4_QUESTION1_CC,Perfect! The police can help if you feel threatened.,,,,Perfect
NOHELP_4_QUESTION1_CM,You need the [url={X}]<~Police~>[/url],,,,"You need an
[url={1}]<~Ambulance~>[/url]"
NOHELP_4_QUESTION1_CG,Let’s keep going. Practice your pronunciation later.,,,,Let’s keep going. Practice your pronunciation later.
,,,,,
,,,,,
,,,,,
NOHELP_5_QUESTION2_O1,What state and town is the emergency in?,What state and town is the emergency in?,What state and town is the emergency in?,What state and town is the emergency in?,What state and town is the emergency in?
,,,,,
NOHELP_5_QUESTION2_C1,Tell them your state and town,,,,Tell them your state and town
NOHELP_5_QUESTION2_CC,Correct.,,,,Excellent!
NOHELP_5_QUESTION2_CM,"The state is [url={X}]<~Victoria~>[/url], 
and the town is [url={X}]<~Doreen~>[/url]",,,,"The state is [url={2}]<~Victoria~>[/url]
and the town is [url={3}]<~Shepparton~>[/url]"
NOHELP_5_QUESTION2_CG,Let’s keep going. Practice your pronunciation later.,,,,Let’s keep going. Practice your pronunciation later.
,,,,,
,,,,,
,,,,,
NOHELP_6_QUESTION3_O1,"Connecting you to the Police,
Doreen, Victoria.","Connecting you to ambulance,
Shepparton, Victoria","Connecting you to ambulance,
Shepparton, Victoria","Connecting you to ambulance,
Shepparton, Victoria","Connecting you to ambulance,
Shepparton, Victoria"
NOHELP_6_QUESTION3_O2,"Emergency services, where do you need the Police?","Emergency services, where do you need the ambulance?","Emergency services, where do you need the ambulance?","Emergency services, where do you need the ambulance?","Emergency services, what address do you need the ambulance?"
,,,,,
NOHELP_6_QUESTION3_C1,They are connecting you to a service in your area.,,,,They are connecting you to a service in your area.
NOHELP_6_QUESTION3_C2,Say the address of your emergency now.,,,,"Say the address of your emergency: [url={4}]<~2-7-8 Main street, Shepparton~>[/url]"
NOHELP_6_QUESTION3_CC,Nice.,,,,Great! 000 knows where your emergency is.
NOHELP_6_QUESTION3_CM,Try again. Check the address here.,,,,"Try again: [url={4}]<~2-7-8 Main street, Shepparton~>[/url]"
NOHELP_6_QUESTION3_CG,The address is 3 High Street Doreen. Let's keep going.,,,,Let’s keep going. Practice your pronunciation later.
,,,,,
PLAYER SAYS I DON'T KNOW - 000 OPERATOR SAYS,I can call an Intrepreter to help. What language?,,,,
"HOST TRANSLATES FOR AR, PR, ZH: ",-,,,,They asked if you want an interpreter. Tell them your language in English
,,,,,
PLAYER SAYS LANGUAGE CORRECT - 000 OPERATOR SAYS,Conntecting you to an Interpreter. Stay on the phone.,,,,
HOST ENCOURAGES PLAYER:,Good idea! It's always OK to ask for an interpreter.,,,,
,,,,,
PLAYER MUMBO - 000 OPERATOR SAYS,Say the language you speak in English.,,,,
PLAYER GIVE UP - 000 OPERATOR SAYS,They can't understand you. Practice your pronunciation and try again.,,,,
,,,,,
,,,,,
,,,,,
NOHELP_7_QUESTION4_O1,Why do you need the police?,What is your emergency?,What is your emergency?,What is your emergency?,Why do you need the police?
,,,,,
NOHELP_7_QUESTION4_C1,Tell them why you need help,,,,They asked you why you need the police. 
NOHELP_7_QUESTION4_C2,Explain your emergency.,,,,Explain your emergency.
NOHELP_7_QUESTION4_CC,Great job!,,,,Well done!
NOHELP_7_QUESTION4_CW,Try again.,,,,Don't forget your language!
NOHELP_7_QUESTION4_CM,"Try saying words like: [url={X}]<~Neighbour,~>[/url] [url={X}]<~drunk,~>[/url] and [url={X}]<~violent.~>[/url]",,,,They can't understand you
NOHELP_7_QUESTION4_CG,Let’s keep going. Practice your pronunciation later.,,,,Let’s keep going. Practice your pronunciation later.
,,,,,
PLAYER SAYS I DON'T KNOW - 000 OPERATOR SAYS,I can call an Intrepreter to help. What language?,,,,
"HOST TRANSLATES FOR AR, PR, ZH: ",They asked if you want an interpreter. Tell them your language in English,,,,
,,,,,
PLAYER SAYS LANGUAGE CORRECT - 000 OPERATOR SAYS,Conntecting you to an Interpreter. Stay on the phone.,,,,
HOST ENCOURAGES PLAYER:,Good idea! It's always OK to ask for an interpreter.,,,,
,,,,,
PLAYER MUMBO - 000 OPERATOR SAYS,Say the language you speak in English.,,,,
PLAYER GIVE UP - 000 OPERATOR SAYS,They can't understand you. Practice your pronunciation and try again.,,,,
,,,,,
,,,,,
,,,,,
NOHELP_8_QUESTION5_O1,Has there been any physical violence?,Has there been any physical violence?,Has there been any physical violence?,Has there been any physical violence?,Has there been any physical violence?
,,,,,
NOHELP_8_QUESTION5_C1,-,,,,They asked if there has been any violence?
NOHELP_8_QUESTION5_C2,You can answer yes or no.,,,,You can answer [url={X}]<~yes~>[/url] or [url={X}]<~no.~>[/url]
NOHELP_8_QUESTION5_CC,Correct.,,,,Correct.
NOHELP_8_QUESTION5_CW,They kicked the fence. This is violence. Try again,,,,They kicked the fence. This is violence. Try again
NOHELP_8_QUESTION5_CM,You can answer [url={X}]<~yes~>[/url] or [url={X}]<~no.~>[/url],,,,You can answer [url={X}]<~yes~>[/url] or [url={X}]<~no.~>[/url]
NOHELP_8_QUESTION5_CG,Let’s keep going and see what other questions could ask. ,,,,Let’s keep going and see what other questions could ask. 
,,,,,
PLAYER SAYS I DON'T KNOW - 000 OPERATOR SAYS,Next question,,,,Next question
"HOST TRANSLATES FOR AR, PR, ZH: ",-,,,,Next question
,,,,,
,,,,,
,,,,,
NOHELP_11_QUESTION6_O1,Do they have a weapon?,Has there been any physical violence?,Has there been any physical violence?,Has there been any physical violence?,Do they have a weapon?
,,,,,
NOHELP_9_QUESTION6_C1,-,,,,Do they have a weapon?
NOHELP_9_QUESTION6_CC,Well done!,,,,Well done!
NOHELP_9_QUESTION6_CW,He doesn’t have a weapon (like a knife or a bat) so the answer is [url={X}]<~no.~>[/url],,,,He doesn’t have a weapon (like a knife or a bat) so the answer is [url={X}]<~no.~>[/url]
NOHELP_9_QUESTION6_CM,They can't understand you.  ,,,,They can't understand you.  
NOHELP_9_QUESTION6_CG,Let’s keep going and see what other questions could ask. ,,,,Let’s keep going and see what other questions could ask. 
,,,,,
PLAYER SAYS I DON'T KNOW - 000 OPERATOR SAYS,Next question,,,,Next question
"HOST TRANSLATES FOR AR, PR, ZH: ",-,,,,Next question
,,,,,
,,,,,
,,,,,
NOHELP_10_QUESTION6_O1,Do you need an ambulance?,Has there been any physical violence?,Has there been any physical violence?,Has there been any physical violence?,Do you need an ambulance?
,,,,,
NOHELP_10_QUESTION6_C1,-,,,,Do you need an ambulance?
NOHELP_10_QUESTION6_CC,Nice.,,,,Nice.
NOHELP_10_QUESTION6_CW,No one is hurt. You don't need an ambulance.,,,,No one is hurt. You don't need an ambulance.
NOHELP_10_QUESTION6_CM,They can't understand you.  ,,,,They can't understand you.  
NOHELP_10_QUESTION6_CG,No one is hurt. The answer is [url={X}]<~no~>[/url] you don't need an ambulance. ,,,,No one is hurt. The answer is [url={X}]<~no~>[/url] you don't need an ambulance. 
,,,,,
PLAYER SAYS I DON'T KNOW - 000 OPERATOR SAYS,Next question,,,,Next question
"HOST TRANSLATES FOR AR, PR, ZH: ",-,,,,Next question
,,,,,
,,,,,
,,,,,
NOHELP_10_QUESTION7_O1,Are there children present?,Has there been any physical violence?,Has there been any physical violence?,Has there been any physical violence?,Are there children present?
,,,,,
NOHELP_11_QUESTION7_C1,-,,,,-
NOHELP_11_QUESTION7_CC,Great job!,,,,Great job!
NOHELP_11_QUESTION7_CW,There are children at the party. You can say [url={X}]<~yes~>[/url],,,,There are children at the party. You can say [url={X}]<~yes~>[/url]
NOHELP_11_QUESTION7_CM,They can't understand you.  ,,,,They can't understand you.  
NOHELP_11_QUESTION7_CG,There are children at the party. The answer is [url={X}]<~yes.~>[/url],,,,No one is hurt. The answer is [url={X}]<~no~>[/url] you don't need an ambulance. 
,,,,,
PLAYER SAYS I DON'T KNOW - 000 OPERATOR SAYS,Next question,,,,Next question
"HOST TRANSLATES FOR AR, PR, ZH: ",You have done well to get this far!,,,,You have done well to get this far!
,,,,,
,,,,,
,,,,,
NOHELP_12_YOUDIDIT_T1,Good work!,,,,Good work!
NOHELP_12_YOUDIDIT_T2,000 will continue to ask questions about your emergency.,,,,000 will continue to ask questions about your emergency.
NOHELP_12_YOUDIDIT_T3,The questions will be specific to your emergency situation.,,,,The questions will be specific to your emergency situation.
NOHELP_12_YOUDIDIT_T4,Listen to the instructions and stay calm.,,,,Listen to the instructions and stay calm.
,,,,,
NOHELP_12_YOUDIDIT_B1, [url={X}]Continue[/url],,,, [url={X}]Continue[/url]
NOHELP_12_YOUDIDIT_B2, [url={X}]Try again[/url],,,, [url={X}]Try again[/url]